{
  "eval": {
    "n_clusters": 2,
    "noise_pct": 0.0,
    "silhouette": 0.29789695819564593,
    "davies_bouldin": 1.3751857167206614,
    "calinski_harabasz": 363.9873518480955
  },
  "stability": {
    "silhouette_mean": 0.30472415333093056,
    "silhouette_std": 0.012182509361026987
  }
}