model,n_clusters,noise_pct,silhouette,davies_bouldin,calinski_harabasz,stab_sil_mean,stab_sil_std
KMeans(k=2),2,0.0,0.29789695819564593,1.3751857167206614,363.9873518480955,0.30472415333093056,0.012182509361026987
Agglomerative(k=2),2,0.0,0.1989691355158942,1.801444117070905,223.76097036541577,0.25171351230424244,0.05164436601828744
"DBSCAN(eps=1.5,ms=10)",2,10.34047919293821,0.3537017628957764,0.798920609918533,90.63995437894947,,
